<?xml version="1.0" encoding="UTF-8"?>
<CustomApplication xmlns="http://soap.sforce.com/2006/04/metadata">
    <formFactors>Large</formFactors>
    <isNavAutoTempTabsDisabled>false</isNavAutoTempTabsDisabled>
    <isNavPersonalizationDisabled>false</isNavPersonalizationDisabled>
    <isNavTabPersistenceDisabled>false</isNavTabPersistenceDisabled>
    <isOmniPinnedViewEnabled>false</isOmniPinnedViewEnabled>
    <label>Subscription Management</label>
    <navType>Console</navType>
    <tabs>standard-Product2</tabs>
    <tabs>standard-Pricebook2</tabs>
    <tabs>HandsMen_Customer__c</tabs>
    <tabs>HandsMen_Order__c</tabs>
    <tabs>HandsMen_Product__c</tabs>
    <tabs>Inventory__c</tabs>
    <tabs>Marketing_Campaign__c</tabs>
    <uiType>Lightning</uiType>
    <utilityBar>RevenueCloudConsole_UtilityBar</utilityBar>
    <workspaceConfig>
        <mappings>
            <tab>HandsMen_Customer__c</tab>
        </mappings>
        <mappings>
            <tab>HandsMen_Order__c</tab>
        </mappings>
        <mappings>
            <tab>HandsMen_Product__c</tab>
        </mappings>
        <mappings>
            <tab>Inventory__c</tab>
        </mappings>
        <mappings>
            <tab>Marketing_Campaign__c</tab>
        </mappings>
        <mappings>
            <tab>standard-Pricebook2</tab>
        </mappings>
        <mappings>
            <tab>standard-Product2</tab>
        </mappings>
    </workspaceConfig>
</CustomApplication>
