<?xml version="1.0" encoding="UTF-8"?>
<CustomField xmlns="http://soap.sforce.com/2006/04/metadata">
    <fullName>Loyalty_Status__c</fullName>
    <externalId>false</externalId>
    <label>Loyalty Status</label>
    <required>false</required>
    <trackTrending>false</trackTrending>
    <type>Picklist</type>
    <valueSet>
        <restricted>true</restricted>
        <valueSetDefinition>
            <sorted>false</sorted>
            <value>
                <fullName>Gold</fullName>
                <default>false</default>
                <label>Gold</label>
            </value>
            <value>
                <fullName>Silver</fullName>
                <default>false</default>
                <label>Silver</label>
            </value>
            <value>
                <fullName>Bronze</fullName>
                <default>false</default>
                <label>Bronze</label>
            </value>
        </valueSetDefinition>
    </valueSet>
</CustomField>
