<?xml version="1.0" encoding="UTF-8"?>
<CustomField xmlns="http://soap.sforce.com/2006/04/metadata">
    <fullName>Product__c</fullName>
    <externalId>false</externalId>
    <label>Product</label>
    <referenceTo>HandsMen_Product__c</referenceTo>
    <relationshipLabel>Inventorys</relationshipLabel>
    <relationshipName>Inventorys</relationshipName>
    <relationshipOrder>0</relationshipOrder>
    <reparentableMasterDetail>false</reparentableMasterDetail>
    <trackTrending>false</trackTrending>
    <type>MasterDetail</type>
    <writeRequiresMasterRead>false</writeRequiresMasterRead>
</CustomField>
