<?xml version="1.0" encoding="UTF-8"?>
<CustomField xmlns="http://soap.sforce.com/2006/04/metadata">
    <fullName>Stock_Status__c</fullName>
    <description>stock above or below 10</description>
    <externalId>false</externalId>
    <formula>IF( Stock_Quantity__c &gt; 10, &quot;Available&quot;, &quot;Low Stock&quot;)</formula>
    <inlineHelpText>Available or Low Stock are the only 2 values</inlineHelpText>
    <label>Stock Status</label>
    <required>false</required>
    <trackTrending>false</trackTrending>
    <type>Text</type>
    <unique>false</unique>
</CustomField>
