<?xml version="1.0" encoding="UTF-8"?>
<Flow xmlns="http://soap.sforce.com/2006/04/metadata">
    <apiVersion>64.0</apiVersion>
    <decisions>
        <name>loyalty</name>
        <label>loyalty</label>
        <locationX>0</locationX>
        <locationY>0</locationY>
        <defaultConnector>
            <targetReference>Update_Loyalty_Status_to_Silver</targetReference>
        </defaultConnector>
        <defaultConnectorLabel>Default Outcome</defaultConnectorLabel>
        <rules>
            <name>if_total_purchase_1000</name>
            <conditionLogic>and</conditionLogic>
            <conditions>
                <leftValueReference>do_until.Total_Purchases__c</leftValueReference>
                <operator>GreaterThan</operator>
                <rightValue>
                    <numberValue>1000.0</numberValue>
                </rightValue>
            </conditions>
            <connector>
                <targetReference>Update_Records_1</targetReference>
            </connector>
            <label>if total purchase &gt; 1000</label>
        </rules>
        <rules>
            <name>if_total_purchase_500</name>
            <conditionLogic>and</conditionLogic>
            <conditions>
                <leftValueReference>do_until.Total_Purchases__c</leftValueReference>
                <operator>LessThan</operator>
                <rightValue>
                    <numberValue>500.0</numberValue>
                </rightValue>
            </conditions>
            <connector>
                <targetReference>update_Loyalty_Status_to_Bronze</targetReference>
            </connector>
            <label>if total purchase &lt; 500</label>
        </rules>
    </decisions>
    <environments>Default</environments>
    <interviewLabel>Loyalty Status Update Flow {!$Flow.CurrentDateTime}</interviewLabel>
    <label>Loyalty Status Update Flow</label>
    <loops>
        <name>do_until</name>
        <label>do until</label>
        <locationX>0</locationX>
        <locationY>0</locationY>
        <collectionReference>retrieve_all_records</collectionReference>
        <iterationOrder>Asc</iterationOrder>
        <nextValueConnector>
            <targetReference>loyalty</targetReference>
        </nextValueConnector>
    </loops>
    <processMetadataValues>
        <name>BuilderType</name>
        <value>
            <stringValue>LightningFlowBuilder</stringValue>
        </value>
    </processMetadataValues>
    <processMetadataValues>
        <name>CanvasMode</name>
        <value>
            <stringValue>AUTO_LAYOUT_CANVAS</stringValue>
        </value>
    </processMetadataValues>
    <processMetadataValues>
        <name>OriginBuilderType</name>
        <value>
            <stringValue>LightningFlowBuilder</stringValue>
        </value>
    </processMetadataValues>
    <processType>AutoLaunchedFlow</processType>
    <recordLookups>
        <name>retrieve_all_records</name>
        <label>retrieve all records</label>
        <locationX>0</locationX>
        <locationY>0</locationY>
        <assignNullValuesIfNoRecordsFound>false</assignNullValuesIfNoRecordsFound>
        <connector>
            <targetReference>do_until</targetReference>
        </connector>
        <getFirstRecordOnly>false</getFirstRecordOnly>
        <object>HandsMen_Customer__c</object>
        <storeOutputAutomatically>true</storeOutputAutomatically>
    </recordLookups>
    <recordUpdates>
        <name>update_Loyalty_Status_to_Bronze</name>
        <label>Update Loyalty Status to Bronze</label>
        <locationX>0</locationX>
        <locationY>0</locationY>
        <connector>
            <targetReference>do_until</targetReference>
        </connector>
        <filterLogic>and</filterLogic>
        <filters>
            <field>Total_Purchases__c</field>
            <operator>LessThan</operator>
            <value>
                <numberValue>500.0</numberValue>
            </value>
        </filters>
        <inputAssignments>
            <field>Loyalty_Status__c</field>
            <value>
                <stringValue>Bronze</stringValue>
            </value>
        </inputAssignments>
        <object>HandsMen_Customer__c</object>
    </recordUpdates>
    <recordUpdates>
        <name>Update_Loyalty_Status_to_Silver</name>
        <label>Update Loyalty Status to Silver</label>
        <locationX>0</locationX>
        <locationY>0</locationY>
        <connector>
            <targetReference>do_until</targetReference>
        </connector>
        <filterLogic>and</filterLogic>
        <filters>
            <field>Total_Purchases__c</field>
            <operator>LessThanOrEqualTo</operator>
            <value>
                <numberValue>1000.0</numberValue>
            </value>
        </filters>
        <filters>
            <field>Total_Purchases__c</field>
            <operator>GreaterThanOrEqualTo</operator>
            <value>
                <numberValue>500.0</numberValue>
            </value>
        </filters>
        <inputAssignments>
            <field>Loyalty_Status__c</field>
            <value>
                <stringValue>Silver</stringValue>
            </value>
        </inputAssignments>
        <object>HandsMen_Customer__c</object>
    </recordUpdates>
    <recordUpdates>
        <name>Update_Records_1</name>
        <label>Update loyalty to gold</label>
        <locationX>0</locationX>
        <locationY>0</locationY>
        <connector>
            <targetReference>do_until</targetReference>
        </connector>
        <filterLogic>and</filterLogic>
        <filters>
            <field>Total_Purchases__c</field>
            <operator>GreaterThan</operator>
            <value>
                <numberValue>1000.0</numberValue>
            </value>
        </filters>
        <inputAssignments>
            <field>Loyalty_Status__c</field>
            <value>
                <stringValue>Gold</stringValue>
            </value>
        </inputAssignments>
        <object>HandsMen_Customer__c</object>
    </recordUpdates>
    <start>
        <locationX>0</locationX>
        <locationY>0</locationY>
        <connector>
            <targetReference>retrieve_all_records</targetReference>
        </connector>
        <schedule>
            <frequency>Daily</frequency>
            <startDate>2025-07-17</startDate>
            <startTime>00:00:00.000Z</startTime>
        </schedule>
        <triggerType>Scheduled</triggerType>
    </start>
    <status>Active</status>
    <variables>
        <name>do</name>
        <dataType>Number</dataType>
        <isCollection>false</isCollection>
        <isInput>false</isInput>
        <isOutput>false</isOutput>
        <scale>0</scale>
    </variables>
    <variables>
        <name>dountil</name>
        <dataType>Number</dataType>
        <isCollection>false</isCollection>
        <isInput>false</isInput>
        <isOutput>false</isOutput>
        <scale>0</scale>
    </variables>
</Flow>
