<?xml version="1.0" encoding="UTF-8"?>
<Flow xmlns="http://soap.sforce.com/2006/04/metadata">
    <actionCalls>
        <name>low_stock</name>
        <label>low stock</label>
        <locationX>0</locationX>
        <locationY>0</locationY>
        <actionName>Inventory__c.Stock_Low</actionName>
        <actionType>emailAlert</actionType>
        <flowTransactionModel>CurrentTransaction</flowTransactionModel>
        <inputParameters>
            <name>SObjectRowId</name>
            <value>
                <elementReference>$Record.Id</elementReference>
            </value>
        </inputParameters>
        <nameSegment>Inventory__c.Stock_Low</nameSegment>
    </actionCalls>
    <apiVersion>64.0</apiVersion>
    <environments>Default</environments>
    <interviewLabel>Stock Alert Flow {!$Flow.CurrentDateTime}</interviewLabel>
    <label>Stock Alert Flow</label>
    <processMetadataValues>
        <name>BuilderType</name>
        <value>
            <stringValue>LightningFlowBuilder</stringValue>
        </value>
    </processMetadataValues>
    <processMetadataValues>
        <name>CanvasMode</name>
        <value>
            <stringValue>AUTO_LAYOUT_CANVAS</stringValue>
        </value>
    </processMetadataValues>
    <processMetadataValues>
        <name>OriginBuilderType</name>
        <value>
            <stringValue>LightningFlowBuilder</stringValue>
        </value>
    </processMetadataValues>
    <processType>AutoLaunchedFlow</processType>
    <start>
        <locationX>0</locationX>
        <locationY>0</locationY>
        <connector>
            <targetReference>low_stock</targetReference>
        </connector>
        <filterLogic>and</filterLogic>
        <filters>
            <field>Stock_Quantity__c</field>
            <operator>LessThan</operator>
            <value>
                <numberValue>5.0</numberValue>
            </value>
        </filters>
        <object>Inventory__c</object>
        <recordTriggerType>CreateAndUpdate</recordTriggerType>
        <triggerType>RecordAfterSave</triggerType>
    </start>
    <status>Active</status>
</Flow>
