<?xml version="1.0" encoding="UTF-8"?>
<Profile xmlns="http://soap.sforce.com/2006/04/metadata">
    <applicationVisibilities>
        <application>HandsMen_Threads</application>
        <default>false</default>
        <visible>false</visible>
    </applicationVisibilities>
    <applicationVisibilities>
        <application>standard__AllTabSet</application>
        <default>false</default>
        <visible>false</visible>
    </applicationVisibilities>
    <applicationVisibilities>
        <application>standard__AppLauncher</application>
        <default>false</default>
        <visible>false</visible>
    </applicationVisibilities>
    <applicationVisibilities>
        <application>standard__Approvals</application>
        <default>false</default>
        <visible>false</visible>
    </applicationVisibilities>
    <applicationVisibilities>
        <application>standard__Audience360</application>
        <default>false</default>
        <visible>false</visible>
    </applicationVisibilities>
    <applicationVisibilities>
        <application>standard__Chatter</application>
        <default>false</default>
        <visible>false</visible>
    </applicationVisibilities>
    <applicationVisibilities>
        <application>standard__Community</application>
        <default>false</default>
        <visible>false</visible>
    </applicationVisibilities>
    <applicationVisibilities>
        <application>standard__Content</application>
        <default>false</default>
        <visible>false</visible>
    </applicationVisibilities>
    <applicationVisibilities>
        <application>standard__DataManager</application>
        <default>false</default>
        <visible>false</visible>
    </applicationVisibilities>
    <applicationVisibilities>
        <application>standard__FlowsApp</application>
        <default>false</default>
        <visible>false</visible>
    </applicationVisibilities>
    <applicationVisibilities>
        <application>standard__Insights</application>
        <default>false</default>
        <visible>false</visible>
    </applicationVisibilities>
    <applicationVisibilities>
        <application>standard__LightningBolt</application>
        <default>false</default>
        <visible>false</visible>
    </applicationVisibilities>
    <applicationVisibilities>
        <application>standard__LightningInstrumentation</application>
        <default>false</default>
        <visible>false</visible>
    </applicationVisibilities>
    <applicationVisibilities>
        <application>standard__LightningSales</application>
        <default>false</default>
        <visible>false</visible>
    </applicationVisibilities>
    <applicationVisibilities>
        <application>standard__LightningSalesConsole</application>
        <default>false</default>
        <visible>false</visible>
    </applicationVisibilities>
    <applicationVisibilities>
        <application>standard__LightningScheduler</application>
        <default>false</default>
        <visible>false</visible>
    </applicationVisibilities>
    <applicationVisibilities>
        <application>standard__LightningService</application>
        <default>false</default>
        <visible>false</visible>
    </applicationVisibilities>
    <applicationVisibilities>
        <application>standard__MSJApp</application>
        <default>false</default>
        <visible>false</visible>
    </applicationVisibilities>
    <applicationVisibilities>
        <application>standard__Marketing</application>
        <default>false</default>
        <visible>false</visible>
    </applicationVisibilities>
    <applicationVisibilities>
        <application>standard__Platform</application>
        <default>true</default>
        <visible>true</visible>
    </applicationVisibilities>
    <applicationVisibilities>
        <application>standard__QueueManagement</application>
        <default>false</default>
        <visible>false</visible>
    </applicationVisibilities>
    <applicationVisibilities>
        <application>standard__RevenueCloudConsole</application>
        <default>false</default>
        <visible>false</visible>
    </applicationVisibilities>
    <applicationVisibilities>
        <application>standard__Sales</application>
        <default>false</default>
        <visible>false</visible>
    </applicationVisibilities>
    <applicationVisibilities>
        <application>standard__SalesCloudMobile</application>
        <default>false</default>
        <visible>false</visible>
    </applicationVisibilities>
    <applicationVisibilities>
        <application>standard__SalesforceCMS</application>
        <default>false</default>
        <visible>false</visible>
    </applicationVisibilities>
    <applicationVisibilities>
        <application>standard__Service</application>
        <default>false</default>
        <visible>false</visible>
    </applicationVisibilities>
    <applicationVisibilities>
        <application>standard__ServiceConsole</application>
        <default>false</default>
        <visible>false</visible>
    </applicationVisibilities>
    <applicationVisibilities>
        <application>standard__Sites</application>
        <default>false</default>
        <visible>false</visible>
    </applicationVisibilities>
    <classAccesses>
        <apexClass>InventoryBatchJob</apexClass>
        <enabled>false</enabled>
    </classAccesses>
    <classAccesses>
        <apexClass>OrderTriggerHandler</apexClass>
        <enabled>false</enabled>
    </classAccesses>
    <custom>false</custom>
    <fieldPermissions>
        <editable>true</editable>
        <field>HandsMen_Customer__c.Email__c</field>
        <readable>true</readable>
    </fieldPermissions>
    <fieldPermissions>
        <editable>true</editable>
        <field>HandsMen_Customer__c.FirstName__c</field>
        <readable>true</readable>
    </fieldPermissions>
    <fieldPermissions>
        <editable>false</editable>
        <field>HandsMen_Customer__c.Full_Name__c</field>
        <readable>true</readable>
    </fieldPermissions>
    <fieldPermissions>
        <editable>true</editable>
        <field>HandsMen_Customer__c.LastName__c</field>
        <readable>true</readable>
    </fieldPermissions>
    <fieldPermissions>
        <editable>true</editable>
        <field>HandsMen_Customer__c.Loyalty_Status__c</field>
        <readable>true</readable>
    </fieldPermissions>
    <fieldPermissions>
        <editable>true</editable>
        <field>HandsMen_Customer__c.Phone__c</field>
        <readable>true</readable>
    </fieldPermissions>
    <fieldPermissions>
        <editable>true</editable>
        <field>HandsMen_Customer__c.Total_Purchases__c</field>
        <readable>true</readable>
    </fieldPermissions>
    <fieldPermissions>
        <editable>true</editable>
        <field>HandsMen_Order__c.Customer__c</field>
        <readable>true</readable>
    </fieldPermissions>
    <fieldPermissions>
        <editable>true</editable>
        <field>HandsMen_Order__c.Quantity__c</field>
        <readable>true</readable>
    </fieldPermissions>
    <fieldPermissions>
        <editable>true</editable>
        <field>HandsMen_Order__c.Status__c</field>
        <readable>true</readable>
    </fieldPermissions>
    <fieldPermissions>
        <editable>true</editable>
        <field>HandsMen_Order__c.Total_Amount__c</field>
        <readable>true</readable>
    </fieldPermissions>
    <fieldPermissions>
        <editable>true</editable>
        <field>HandsMen_Product__c.Order__c</field>
        <readable>true</readable>
    </fieldPermissions>
    <fieldPermissions>
        <editable>true</editable>
        <field>HandsMen_Product__c.Price__c</field>
        <readable>true</readable>
    </fieldPermissions>
    <fieldPermissions>
        <editable>true</editable>
        <field>HandsMen_Product__c.SKU__c</field>
        <readable>true</readable>
    </fieldPermissions>
    <fieldPermissions>
        <editable>true</editable>
        <field>HandsMen_Product__c.Stock_Quantity__c</field>
        <readable>true</readable>
    </fieldPermissions>
    <fieldPermissions>
        <editable>true</editable>
        <field>Inventory__c.Stock_Quantity__c</field>
        <readable>true</readable>
    </fieldPermissions>
    <fieldPermissions>
        <editable>false</editable>
        <field>Inventory__c.Stock_Status__c</field>
        <readable>true</readable>
    </fieldPermissions>
    <fieldPermissions>
        <editable>true</editable>
        <field>Inventory__c.Warehouse__c</field>
        <readable>true</readable>
    </fieldPermissions>
    <fieldPermissions>
        <editable>true</editable>
        <field>Marketing_Campaign__c.End_Date__c</field>
        <readable>true</readable>
    </fieldPermissions>
    <fieldPermissions>
        <editable>true</editable>
        <field>Marketing_Campaign__c.HandsMen_Customer__c</field>
        <readable>true</readable>
    </fieldPermissions>
    <fieldPermissions>
        <editable>true</editable>
        <field>Marketing_Campaign__c.Start_Date__c</field>
        <readable>true</readable>
    </fieldPermissions>
    <objectPermissions>
        <allowCreate>false</allowCreate>
        <allowDelete>false</allowDelete>
        <allowEdit>false</allowEdit>
        <allowRead>true</allowRead>
        <modifyAllRecords>false</modifyAllRecords>
        <object>HandsMen_Customer__c</object>
        <viewAllRecords>true</viewAllRecords>
    </objectPermissions>
    <objectPermissions>
        <allowCreate>false</allowCreate>
        <allowDelete>false</allowDelete>
        <allowEdit>false</allowEdit>
        <allowRead>true</allowRead>
        <modifyAllRecords>false</modifyAllRecords>
        <object>HandsMen_Order__c</object>
        <viewAllRecords>true</viewAllRecords>
    </objectPermissions>
    <objectPermissions>
        <allowCreate>false</allowCreate>
        <allowDelete>false</allowDelete>
        <allowEdit>false</allowEdit>
        <allowRead>true</allowRead>
        <modifyAllRecords>false</modifyAllRecords>
        <object>HandsMen_Product__c</object>
        <viewAllRecords>true</viewAllRecords>
    </objectPermissions>
    <objectPermissions>
        <allowCreate>false</allowCreate>
        <allowDelete>false</allowDelete>
        <allowEdit>false</allowEdit>
        <allowRead>true</allowRead>
        <modifyAllRecords>false</modifyAllRecords>
        <object>Inventory__c</object>
        <viewAllRecords>true</viewAllRecords>
    </objectPermissions>
    <objectPermissions>
        <allowCreate>false</allowCreate>
        <allowDelete>false</allowDelete>
        <allowEdit>false</allowEdit>
        <allowRead>true</allowRead>
        <modifyAllRecords>false</modifyAllRecords>
        <object>Marketing_Campaign__c</object>
        <viewAllRecords>true</viewAllRecords>
    </objectPermissions>
    <tabVisibilities>
        <tab>HandsMen_Customer__c</tab>
        <visibility>DefaultOn</visibility>
    </tabVisibilities>
    <tabVisibilities>
        <tab>HandsMen_Order__c</tab>
        <visibility>DefaultOn</visibility>
    </tabVisibilities>
    <tabVisibilities>
        <tab>HandsMen_Product__c</tab>
        <visibility>DefaultOn</visibility>
    </tabVisibilities>
    <tabVisibilities>
        <tab>Inventory__c</tab>
        <visibility>DefaultOn</visibility>
    </tabVisibilities>
    <tabVisibilities>
        <tab>Marketing_Campaign__c</tab>
        <visibility>DefaultOn</visibility>
    </tabVisibilities>
    <userLicense>Analytics Cloud Integration User</userLicense>
    <userPermissions>
        <enabled>true</enabled>
        <name>ActivitiesAccess</name>
    </userPermissions>
    <userPermissions>
        <enabled>true</enabled>
        <name>AddDirectMessageMembers</name>
    </userPermissions>
    <userPermissions>
        <enabled>true</enabled>
        <name>AllowViewKnowledge</name>
    </userPermissions>
    <userPermissions>
        <enabled>true</enabled>
        <name>ApexRestServices</name>
    </userPermissions>
    <userPermissions>
        <enabled>true</enabled>
        <name>ApiEnabled</name>
    </userPermissions>
    <userPermissions>
        <enabled>true</enabled>
        <name>ApiUserOnly</name>
    </userPermissions>
    <userPermissions>
        <enabled>true</enabled>
        <name>CampaignInfluence2</name>
    </userPermissions>
    <userPermissions>
        <enabled>true</enabled>
        <name>EnableCommunityAppLauncher</name>
    </userPermissions>
    <userPermissions>
        <enabled>true</enabled>
        <name>InsightsAppAdmin</name>
    </userPermissions>
    <userPermissions>
        <enabled>true</enabled>
        <name>InsightsAppUser</name>
    </userPermissions>
    <userPermissions>
        <enabled>true</enabled>
        <name>PasswordNeverExpires</name>
    </userPermissions>
    <userPermissions>
        <enabled>true</enabled>
        <name>QueryAllFiles</name>
    </userPermissions>
    <userPermissions>
        <enabled>true</enabled>
        <name>RecordVisibilityAPI</name>
    </userPermissions>
    <userPermissions>
        <enabled>true</enabled>
        <name>RemoveDirectMessageMembers</name>
    </userPermissions>
    <userPermissions>
        <enabled>true</enabled>
        <name>RunReports</name>
    </userPermissions>
    <userPermissions>
        <enabled>true</enabled>
        <name>ShowCompanyNameAsUserBadge</name>
    </userPermissions>
    <userPermissions>
        <enabled>true</enabled>
        <name>UseWebLink</name>
    </userPermissions>
    <userPermissions>
        <enabled>true</enabled>
        <name>ViewAllData</name>
    </userPermissions>
    <userPermissions>
        <enabled>true</enabled>
        <name>ViewAllProfiles</name>
    </userPermissions>
    <userPermissions>
        <enabled>true</enabled>
        <name>ViewAllUsers</name>
    </userPermissions>
    <userPermissions>
        <enabled>true</enabled>
        <name>ViewDataLeakageEvents</name>
    </userPermissions>
    <userPermissions>
        <enabled>true</enabled>
        <name>ViewDeveloperName</name>
    </userPermissions>
    <userPermissions>
        <enabled>true</enabled>
        <name>ViewEventLogFiles</name>
    </userPermissions>
    <userPermissions>
        <enabled>true</enabled>
        <name>ViewPlatformEvents</name>
    </userPermissions>
    <userPermissions>
        <enabled>true</enabled>
        <name>ViewPublicDashboards</name>
    </userPermissions>
    <userPermissions>
        <enabled>true</enabled>
        <name>ViewPublicReports</name>
    </userPermissions>
    <userPermissions>
        <enabled>true</enabled>
        <name>ViewRoles</name>
    </userPermissions>
    <userPermissions>
        <enabled>true</enabled>
        <name>ViewSetup</name>
    </userPermissions>
    <userPermissions>
        <enabled>true</enabled>
        <name>WorkDotComUserPerm</name>
    </userPermissions>
</Profile>
